Type,Name,Request Count,Failure Count,Median Response Time,Average Response Time,Min Response Time,Max Response Time,Average Content Size,Requests/s,Failures/s,50%,66%,75%,80%,90%,95%,98%,99%,99.9%,99.99%,100%
POST,Login,64,0,1800.0,1836.2816109388405,958.3237000042573,3478.4378000185825,248931.0,0.3544386804682105,0.0,1800,1900,2200,2300,2500,2600,2700,3500,3500,3500,3500
POST,Signup,63,0,1900.0,2063.920057142183,1204.278199991677,4146.8324000015855,251166.0,0.3489005760858947,0.0,1900,2100,2200,2600,2800,3600,3900,4100,4100,4100,4100
POST,forgot password,104,0,1600.0,1740.236535578823,1049.1153000039048,3228.6256999941543,249046.0,0.575962855760842,0.0,1600,1800,1900,2000,2500,2700,3000,3000,3200,3200,3200
,Aggregated,231,0,1700.0,1855.1237506503935,958.3237000042573,4146.8324000015855,249592.32034632034,1.2793021123149473,0.0,1700,1900,2100,2200,2600,2800,3500,3600,4100,4100,4100
