Type,Name,Request Count,Failure Count,Median Response Time,Average Response Time,Min Response Time,Max Response Time,Average Content Size,Requests/s,Failures/s,50%,66%,75%,80%,90%,95%,98%,99%,99.9%,99.99%,100%
POST,Login,98,0,1700.0,1784.129685714867,1013.8107000093441,3562.086999998428,248931.0,0.5464824964688955,0.0,1700,1800,2000,2100,2400,3100,3500,3600,3600,3600,3600
POST,Signup,160,0,1800.0,1914.2913268735356,1220.4525000124704,3595.9471999958623,251166.0,0.8922163207655436,0.0,1800,2100,2200,2200,2700,3100,3300,3400,3600,3600,3600
,Aggregated,258,0,1700.0,1864.850083332646,1013.8107000093441,3595.9471999958623,250317.0465116279,1.438698817234439,0.0,1700,2000,2100,2200,2600,3100,3400,3500,3600,3600,3600
