Type,Name,Request Count,Failure Count,Median Response Time,Average Response Time,Min Response Time,Max Response Time,Average Content Size,Requests/s,Failures/s,50%,66%,75%,80%,90%,95%,98%,99%,99.9%,99.99%,100%
POST,Login,248,224,60000.0,46291.956904838975,293.7162000016542,65251.66330000502,24127.725806451614,0.8047024584293055,0.726828026968405,60000,60000,60000,60000,60000,60000,62000,64000,65000,65000,65000
POST,Signup,277,234,60000.0,46058.401740433306,272.4633000034373,62294.354899997415,38937.01805054152,0.8988007297778937,0.7592757067437802,60000,60000,60000,60000,60000,61000,61000,61000,62000,62000,62000
,Aggregated,525,458,60000.0,46168.7287514287,272.4633000034373,65251.66330000502,31941.390476190478,1.7035031882071991,1.4861037337121852,60000,60000,60000,60000,60000,61000,61000,62000,65000,65000,65000
