Type,Name,Request Count,Failure Count,Median Response Time,Average Response Time,Min Response Time,Max Response Time,Average Content Size,Requests/s,Failures/s,50%,66%,75%,80%,90%,95%,98%,99%,99.9%,99.99%,100%
GET,/,64,63,100000.0,99070.92934218919,6301.373599999351,102926.5194000036,10944.140625,0.49524944078936173,0.48751116827702795,100000,100000,101000,101000,101000,102000,103000,103000,103000,103000,103000
GET,/about/,63,24,58000.0,63312.1502253981,3462.179499998456,102616.37159998645,145082.66666666666,0.48751116827702795,0.18571854029601065,58000,100000,100000,100000,101000,101000,102000,103000,103000,103000,103000
GET,/blog/,62,23,68000.0,65995.53867903275,4034.912400005851,100947.47790001566,154881.74193548388,0.4797728957646942,0.17798026778367687,71000,100000,100000,100000,100000,100000,101000,101000,101000,101000,101000
GET,/contact/,44,2,24000.0,36840.174934087954,3690.553499996895,101061.63189999643,217038.13636363635,0.3404839905426862,0.015476545024667554,24000,54000,63000,67000,71000,77000,101000,101000,101000,101000,101000
GET,/intern/,61,19,60000.0,58486.81790491882,4171.2467999896035,101574.86650001374,160611.11475409835,0.4720346232523604,0.14702717773434176,60000,96000,100000,100000,101000,101000,101000,102000,102000,102000,102000
GET,/knowledge-base/,43,1,23000.0,32274.553862788856,3748.1221000198275,100262.5960999867,248716.72093023255,0.3327457180303524,0.007738272512333777,23000,42000,47000,53000,73000,83000,100000,100000,100000,100000,100000
GET,/privacy/,60,18,73000.0,60789.951251667924,3783.428399998229,101000.30149999657,177124.5,0.4642963507400266,0.13928890522200799,74000,90000,100000,100000,100000,101000,101000,101000,101000,101000,101000
GET,/youbloom-at-bloom-2025/,59,18,64000.0,58864.28691186524,4019.900899991626,101023.7097000063,159437.57627118644,0.45655807822769284,0.13928890522200799,64000,85000,100000,100000,101000,101000,101000,101000,101000,101000,101000
,Aggregated,456,168,65000.0,61661.81523793903,3462.179499998456,102926.5194000036,152454.74342105264,3.5286522656242023,1.3000297820720745,66000,100000,100000,100000,101000,101000,101000,102000,103000,103000,103000
