Type,Name,Request Count,Failure Count,Median Response Time,Average Response Time,Min Response Time,Max Response Time,Average Content Size,Requests/s,Failures/s,50%,66%,75%,80%,90%,95%,98%,99%,99.9%,99.99%,100%
POST,Login,68,0,1800.0,2012.7334705860394,1220.197399990866,3856.648299988592,248931.0,0.37877764275636505,0.0,1900,2200,2300,2400,2900,3600,3700,3900,3900,3900,3900
POST,Signup,51,0,1800.0,2020.8215431387846,1295.154999999795,4349.592799990205,251166.0,0.28408323206727376,0.0,1800,2200,2400,2400,2700,3200,3300,4300,4300,4300,4300
POST,forgot password,125,0,1700.0,1909.5058536010329,1053.0496000137646,4070.873299991945,249046.0,0.6962824315374357,0.0,1700,2000,2200,2300,2700,3000,3600,3900,4100,4100,4100
,Aggregated,244,0,1800.0,1961.5410098363025,1053.0496000137646,4349.592799990205,249457.0655737705,1.3591433063610745,0.0,1800,2100,2300,2400,2900,3200,3700,3900,4300,4300,4300
