Type,Name,Request Count,Failure Count,Median Response Time,Average Response Time,Min Response Time,Max Response Time,Average Content Size,Requests/s,Failures/s,50%,66%,75%,80%,90%,95%,98%,99%,99.9%,99.99%,100%
GET,/,2314,2055,100000.0,95162.99133215219,189.47680000565015,102449.79280000553,32939.76404494382,7.377639028738992,6.551879085591455,100000,100000,100000,101000,101000,101000,101000,102000,102000,102000,102000
GET,/about/,135,0,12000.0,15988.120633333972,830.5362999963108,73943.36080001085,229867.36296296297,0.43041541438192044,0.0,12000,19000,23000,27000,36000,45000,58000,67000,74000,74000,74000
GET,/blog/,17,0,1500.0,1574.2570529409397,882.4945999949705,2634.782599998289,241325.9411764706,0.054200459588834425,0.0,1500,1700,1700,1800,2300,2600,2600,2600,2600,2600,2600
GET,/contact/,11,0,1500.0,1487.224927275251,876.9652000046335,2165.82510000444,228058.72727272726,0.03507088561630463,0.0,1500,1700,1700,1700,2000,2200,2200,2200,2200,2200,2200
GET,/intern/,19,0,1500.0,1619.5300894737318,849.1943999979412,2858.484900003532,229669.26315789475,0.06057698424634436,0.0,1500,1700,1700,1900,2700,2900,2900,2900,2900,2900,2900
GET,/youbloom-at-bloom-2025/,15,0,1400.0,1455.3797133325133,828.8031999982195,2448.8091000093846,227352.73333333334,0.047823934931324495,0.0,1400,1400,1600,1600,2000,2400,2400,2400,2400,2400,2400
,Aggregated,2511,2055,100000.0,88594.69607311835,189.47680000565015,102449.79280000553,48442.81242532856,8.00572670750372,6.551879085591455,100000,100000,100000,100000,101000,101000,101000,102000,102000,102000,102000
